tier,leagueId,queue,name,entries,summonerId
CHALLENGER,844f523b-88a5-3999-ac6e-4fefe349874c,RANKED_TFT,Vayne's Ritualists,"{'summonerId': 'KAL0-h2-SOq-YcWu6IN5t9bf7mxrh4uckcnIJUAVYTSuzLQ', 'leaguePoints': 1409, 'rank': 'I', 'wins': 169, 'losses': 79, 'veteran': True, 'inactive': False, 'freshBlood': False, 'hotStreak': True}",KAL0-h2-SOq-YcWu6IN5t9bf7mxrh4uckcnIJUAVYTSuzLQ
CHALLENGER,844f523b-88a5-3999-ac6e-4fefe349874c,RANKED_TFT,Vayne's Ritualists,"{'summonerId': '22zeRro_aHK72h2jRu3mtRAVDwbw666ZjILnq0Vvnck2dsk', 'leaguePoints': 1404, 'rank': 'I', 'wins': 221, 'losses': 135, 'veteran': True, 'inactive': False, 'freshBlood': False, 'hotStreak': False}",22zeRro_aHK72h2jRu3mtRAVDwbw666ZjILnq0Vvnck2dsk
CHALLENGER,844f523b-88a5-3999-ac6e-4fefe349874c,RANKED_TFT,Vayne's Ritualists,"{'summonerId': 'GdrK6aQDaFyRbqWfkMEo2iDM7hzJY1_TtRAFN_HOKGYbaM2f2EosplCs4g', 'leaguePoints': 1323, 'rank': 'I', 'wins': 147, 'losses': 77, 'veteran': False, 'inactive': False, 'freshBlood': False, 'hotStreak': False}",GdrK6aQDaFyRbqWfkMEo2iDM7hzJY1_TtRAFN_HOKGYbaM2f2EosplCs4g
CHALLENGER,844f523b-88a5-3999-ac6e-4fefe349874c,RANKED_TFT,Vayne's Ritualists,"{'summonerId': 'a1efI9gzygMpDbGXa_k5sNzhRlJH1VIA-JSC6WN09xIPzDc', 'leaguePoints': 1171, 'rank': 'I', 'wins': 179, 'losses': 106, 'veteran': True, 'inactive': False, 'freshBlood': False, 'hotStreak': False}",a1efI9gzygMpDbGXa_k5sNzhRlJH1VIA-JSC6WN09xIPzDc
CHALLENGER,844f523b-88a5-3999-ac6e-4fefe349874c,RANKED_TFT,Vayne's Ritualists,"{'summonerId': 'ZSYlCCagMPDPNaCsIT0JrFvOTvW-9T2p9-D-4CWPnRM4yUcos8FLpbFRGg', 'leaguePoints': 1122, 'rank': 'I', 'wins': 175, 'losses': 96, 'veteran': False, 'inactive': False, 'freshBlood': True, 'hotStreak': False}",ZSYlCCagMPDPNaCsIT0JrFvOTvW-9T2p9-D-4CWPnRM4yUcos8FLpbFRGg
CHALLENGER,844f523b-88a5-3999-ac6e-4fefe349874c,RANKED_TFT,Vayne's Ritualists,"{'summonerId': '29PW1SaGXPOt3tZ11Zwewp24X9LwmQgQV0P3rpAKbhHNzA', 'leaguePoints': 1116, 'rank': 'I', 'wins': 124, 'losses': 64, 'veteran': False, 'inactive': False, 'freshBlood': False, 'hotStreak': True}",29PW1SaGXPOt3tZ11Zwewp24X9LwmQgQV0P3rpAKbhHNzA
CHALLENGER,844f523b-88a5-3999-ac6e-4fefe349874c,RANKED_TFT,Vayne's Ritualists,"{'summonerId': 'n76wsNDgVwlECONmbDdz6ABjNHz3ZXTcwh3xrwFD0s5DlI0', 'leaguePoints': 1112, 'rank': 'I', 'wins': 148, 'losses': 70, 'veteran': False, 'inactive': False, 'freshBlood': False, 'hotStreak': False}",n76wsNDgVwlECONmbDdz6ABjNHz3ZXTcwh3xrwFD0s5DlI0
CHALLENGER,844f523b-88a5-3999-ac6e-4fefe349874c,RANKED_TFT,Vayne's Ritualists,"{'summonerId': 'P_KUydRyF218Js4AiBVk1JH121F_pELj4wDIFFqbNMn4UBo', 'leaguePoints': 1111, 'rank': 'I', 'wins': 158, 'losses': 112, 'veteran': False, 'inactive': False, 'freshBlood': False, 'hotStreak': False}",P_KUydRyF218Js4AiBVk1JH121F_pELj4wDIFFqbNMn4UBo
CHALLENGER,844f523b-88a5-3999-ac6e-4fefe349874c,RANKED_TFT,Vayne's Ritualists,"{'summonerId': 'RZnPFTABmsNrpgtFlagxZtuYOsunlnvCGMQ61pm4vD0G-w-ZghsxW_6paw', 'leaguePoints': 1095, 'rank': 'I', 'wins': 142, 'losses': 79, 'veteran': True, 'inactive': False, 'freshBlood': False, 'hotStreak': False}",RZnPFTABmsNrpgtFlagxZtuYOsunlnvCGMQ61pm4vD0G-w-ZghsxW_6paw
CHALLENGER,844f523b-88a5-3999-ac6e-4fefe349874c,RANKED_TFT,Vayne's Ritualists,"{'summonerId': 'WHv90jWNrv8pvBss-RZ3LzWdRmkfeT5GNtYAPgcS77gLBA', 'leaguePoints': 1082, 'rank': 'I', 'wins': 175, 'losses': 137, 'veteran': False, 'inactive': False, 'freshBlood': True, 'hotStreak': True}",WHv90jWNrv8pvBss-RZ3LzWdRmkfeT5GNtYAPgcS77gLBA
CHALLENGER,844f523b-88a5-3999-ac6e-4fefe349874c,RANKED_TFT,Vayne's Ritualists,"{'summonerId': '4n7nhLphU9P3fbimukV1fsfDhj46szmn71vbjVqagBR2yrE', 'leaguePoints': 1063, 'rank': 'I', 'wins': 146, 'losses': 99, 'veteran': False, 'inactive': False, 'freshBlood': False, 'hotStreak': False}",4n7nhLphU9P3fbimukV1fsfDhj46szmn71vbjVqagBR2yrE
CHALLENGER,844f523b-88a5-3999-ac6e-4fefe349874c,RANKED_TFT,Vayne's Ritualists,"{'summonerId': 'b77XZ_Cd89ENrwPxrSQaGyxKCskJgX8LJ5VP_qYPb470gA', 'leaguePoints': 1026, 'rank': 'I', 'wins': 172, 'losses': 109, 'veteran': False, 'inactive': False, 'freshBlood': False, 'hotStreak': False}",b77XZ_Cd89ENrwPxrSQaGyxKCskJgX8LJ5VP_qYPb470gA
CHALLENGER,844f523b-88a5-3999-ac6e-4fefe349874c,RANKED_TFT,Vayne's Ritualists,"{'summonerId': 'jKs3Eq99iYdgRyCbNNwb0DQ3JMUtc3V9hj4RwVz_jpoN0vs', 'leaguePoints': 1019, 'rank': 'I', 'wins': 178, 'losses': 122, 'veteran': False, 'inactive': False, 'freshBlood': True, 'hotStreak': False}",jKs3Eq99iYdgRyCbNNwb0DQ3JMUtc3V9hj4RwVz_jpoN0vs
CHALLENGER,844f523b-88a5-3999-ac6e-4fefe349874c,RANKED_TFT,Vayne's Ritualists,"{'summonerId': 'esYjmi7WKwvroE4xeuEg0aYb-OLMb-CN8Z-gU8t9ovUQLY5LOn6FhRaDXg', 'leaguePoints': 1019, 'rank': 'I', 'wins': 136, 'losses': 60, 'veteran': True, 'inactive': False, 'freshBlood': False, 'hotStreak': False}",esYjmi7WKwvroE4xeuEg0aYb-OLMb-CN8Z-gU8t9ovUQLY5LOn6FhRaDXg
CHALLENGER,844f523b-88a5-3999-ac6e-4fefe349874c,RANKED_TFT,Vayne's Ritualists,"{'summonerId': 'hnA5cwo8tZRe998VDHa1PY_w804nr-5ctVPuNIywZYZlT0o', 'leaguePoints': 1016, 'rank': 'I', 'wins': 171, 'losses': 118, 'veteran': True, 'inactive': False, 'freshBlood': False, 'hotStreak': False}",hnA5cwo8tZRe998VDHa1PY_w804nr-5ctVPuNIywZYZlT0o
CHALLENGER,844f523b-88a5-3999-ac6e-4fefe349874c,RANKED_TFT,Vayne's Ritualists,"{'summonerId': 'IOCkNX9fq4uJ_J66QYu9-PBN3Dk5eaQHIhHVZEOnqfznEUhL2MklfnRXsA', 'leaguePoints': 1011, 'rank': 'I', 'wins': 138, 'losses': 71, 'veteran': False, 'inactive': False, 'freshBlood': True, 'hotStreak': True}",IOCkNX9fq4uJ_J66QYu9-PBN3Dk5eaQHIhHVZEOnqfznEUhL2MklfnRXsA
CHALLENGER,844f523b-88a5-3999-ac6e-4fefe349874c,RANKED_TFT,Vayne's Ritualists,"{'summonerId': '-z2rfjdO_HBXylOxNy9pvMFLSaJIQvoLdhvlKvjG55WIg9A', 'leaguePoints': 1008, 'rank': 'I', 'wins': 167, 'losses': 87, 'veteran': False, 'inactive': False, 'freshBlood': False, 'hotStreak': False}",-z2rfjdO_HBXylOxNy9pvMFLSaJIQvoLdhvlKvjG55WIg9A
CHALLENGER,844f523b-88a5-3999-ac6e-4fefe349874c,RANKED_TFT,Vayne's Ritualists,"{'summonerId': 'b_5-v14RPK12NTSJ68vsp1r5AGp2XQsPCCdoSkYDKXqBlUU', 'leaguePoints': 1000, 'rank': 'I', 'wins': 189, 'losses': 141, 'veteran': True, 'inactive': False, 'freshBlood': False, 'hotStreak': False}",b_5-v14RPK12NTSJ68vsp1r5AGp2XQsPCCdoSkYDKXqBlUU
CHALLENGER,844f523b-88a5-3999-ac6e-4fefe349874c,RANKED_TFT,Vayne's Ritualists,"{'summonerId': '0D7Bi6F4P67PAkMthnLanJDZy7Rs4IKxF-hR-vdJpZdVdVI', 'leaguePoints': 971, 'rank': 'I', 'wins': 147, 'losses': 92, 'veteran': False, 'inactive': False, 'freshBlood': True, 'hotStreak': False}",0D7Bi6F4P67PAkMthnLanJDZy7Rs4IKxF-hR-vdJpZdVdVI
CHALLENGER,844f523b-88a5-3999-ac6e-4fefe349874c,RANKED_TFT,Vayne's Ritualists,"{'summonerId': '9ZzPmTCdfu8FvEz0pnTUV0AAOzyZrNwDQv9Gys5MtXmFvQ', 'leaguePoints': 924, 'rank': 'I', 'wins': 103, 'losses': 46, 'veteran': False, 'inactive': False, 'freshBlood': True, 'hotStreak': False}",9ZzPmTCdfu8FvEz0pnTUV0AAOzyZrNwDQv9Gys5MtXmFvQ
CHALLENGER,844f523b-88a5-3999-ac6e-4fefe349874c,RANKED_TFT,Vayne's Ritualists,"{'summonerId': 'XnYkGaQ-HNLeTN3xRe9wLXjZbx9_sTHxjqIa8ALkgpcpeECjwofpT-KBZw', 'leaguePoints': 889, 'rank': 'I', 'wins': 157, 'losses': 95, 'veteran': False, 'inactive': False, 'freshBlood': True, 'hotStreak': True}",XnYkGaQ-HNLeTN3xRe9wLXjZbx9_sTHxjqIa8ALkgpcpeECjwofpT-KBZw
CHALLENGER,844f523b-88a5-3999-ac6e-4fefe349874c,RANKED_TFT,Vayne's Ritualists,"{'summonerId': 'G4ULCiPw7TjEL6aAoKcrkOOLWz-CGmDUtfVt_uW7yI2LWZE', 'leaguePoints': 888, 'rank': 'I', 'wins': 108, 'losses': 51, 'veteran': False, 'inactive': False, 'freshBlood': False, 'hotStreak': True}",G4ULCiPw7TjEL6aAoKcrkOOLWz-CGmDUtfVt_uW7yI2LWZE
CHALLENGER,844f523b-88a5-3999-ac6e-4fefe349874c,RANKED_TFT,Vayne's Ritualists,"{'summonerId': 'LDWsTXmilzlCW6ldqLqn_hSnI4ywlbsNPxtVQoD7kuYU4I8', 'leaguePoints': 835, 'rank': 'I', 'wins': 167, 'losses': 115, 'veteran': False, 'inactive': False, 'freshBlood': True, 'hotStreak': False}",LDWsTXmilzlCW6ldqLqn_hSnI4ywlbsNPxtVQoD7kuYU4I8
CHALLENGER,844f523b-88a5-3999-ac6e-4fefe349874c,RANKED_TFT,Vayne's Ritualists,"{'summonerId': 'nljM0b4UORrWgITH80MefWpX7dow-j6ZaPHo_egkiFrSqrzW', 'leaguePoints': 821, 'rank': 'I', 'wins': 117, 'losses': 73, 'veteran': False, 'inactive': False, 'freshBlood': True, 'hotStreak': False}",nljM0b4UORrWgITH80MefWpX7dow-j6ZaPHo_egkiFrSqrzW
CHALLENGER,844f523b-88a5-3999-ac6e-4fefe349874c,RANKED_TFT,Vayne's Ritualists,"{'summonerId': '_xoT2mgsJhyjj5_lJMlMV6I2oZES7HHpjcsoIV_vnIk7Zyg', 'leaguePoints': 809, 'rank': 'I', 'wins': 167, 'losses': 119, 'veteran': False, 'inactive': False, 'freshBlood': False, 'hotStreak': False}",_xoT2mgsJhyjj5_lJMlMV6I2oZES7HHpjcsoIV_vnIk7Zyg
CHALLENGER,844f523b-88a5-3999-ac6e-4fefe349874c,RANKED_TFT,Vayne's Ritualists,"{'summonerId': 'vmZgCzdHUns2A5q8A2ImLSLwRTEqu_wfz-A_pfqAEzUwgg', 'leaguePoints': 796, 'rank': 'I', 'wins': 172, 'losses': 114, 'veteran': True, 'inactive': False, 'freshBlood': False, 'hotStreak': True}",vmZgCzdHUns2A5q8A2ImLSLwRTEqu_wfz-A_pfqAEzUwgg
CHALLENGER,844f523b-88a5-3999-ac6e-4fefe349874c,RANKED_TFT,Vayne's Ritualists,"{'summonerId': 'c7AsjjN6Tp1wF9qoKbfCh1IEltXuhyR6dw3ozMpCopY8akU', 'leaguePoints': 791, 'rank': 'I', 'wins': 170, 'losses': 133, 'veteran': False, 'inactive': False, 'freshBlood': True, 'hotStreak': True}",c7AsjjN6Tp1wF9qoKbfCh1IEltXuhyR6dw3ozMpCopY8akU
CHALLENGER,844f523b-88a5-3999-ac6e-4fefe349874c,RANKED_TFT,Vayne's Ritualists,"{'summonerId': 'SFPA5pr1rjRAkdDt3KX6ma00IIL81j_zMZdM-9sbgBdToNKPuIiRiO6h5g', 'leaguePoints': 781, 'rank': 'I', 'wins': 103, 'losses': 42, 'veteran': False, 'inactive': False, 'freshBlood': False, 'hotStreak': False}",SFPA5pr1rjRAkdDt3KX6ma00IIL81j_zMZdM-9sbgBdToNKPuIiRiO6h5g
CHALLENGER,844f523b-88a5-3999-ac6e-4fefe349874c,RANKED_TFT,Vayne's Ritualists,"{'summonerId': 'nAwm13L0j9pMYNkGg-pKDerm8vumNQ-ekNRepmpWe7Q7rrs', 'leaguePoints': 770, 'rank': 'I', 'wins': 161, 'losses': 129, 'veteran': False, 'inactive': False, 'freshBlood': True, 'hotStreak': False}",nAwm13L0j9pMYNkGg-pKDerm8vumNQ-ekNRepmpWe7Q7rrs
CHALLENGER,844f523b-88a5-3999-ac6e-4fefe349874c,RANKED_TFT,Vayne's Ritualists,"{'summonerId': 'bmUyu0mrfSFQ0mIOw0YLQFcmvjaMsu9dFCefG45KXbTnAIbcKIo0KdSi7A', 'leaguePoints': 746, 'rank': 'I', 'wins': 112, 'losses': 54, 'veteran': False, 'inactive': False, 'freshBlood': True, 'hotStreak': True}",bmUyu0mrfSFQ0mIOw0YLQFcmvjaMsu9dFCefG45KXbTnAIbcKIo0KdSi7A
CHALLENGER,844f523b-88a5-3999-ac6e-4fefe349874c,RANKED_TFT,Vayne's Ritualists,"{'summonerId': 'DqQYrT8IVNy0PplKvGqv3U_acIHQhd00JmowuIfSrHH6fg', 'leaguePoints': 744, 'rank': 'I', 'wins': 128, 'losses': 86, 'veteran': False, 'inactive': False, 'freshBlood': True, 'hotStreak': True}",DqQYrT8IVNy0PplKvGqv3U_acIHQhd00JmowuIfSrHH6fg
CHALLENGER,844f523b-88a5-3999-ac6e-4fefe349874c,RANKED_TFT,Vayne's Ritualists,"{'summonerId': 'XiXMDqJamq4w65lu_ec-ysc6VebahHYWRRo1zko5WtXkgQ', 'leaguePoints': 726, 'rank': 'I', 'wins': 159, 'losses': 115, 'veteran': False, 'inactive': False, 'freshBlood': True, 'hotStreak': True}",XiXMDqJamq4w65lu_ec-ysc6VebahHYWRRo1zko5WtXkgQ
CHALLENGER,844f523b-88a5-3999-ac6e-4fefe349874c,RANKED_TFT,Vayne's Ritualists,"{'summonerId': 'WNpEPC2TqHZB5pnMH1udYu9XEPSJ_2qubBm923DAuRnI6TyRnPtkVv43OA', 'leaguePoints': 705, 'rank': 'I', 'wins': 86, 'losses': 34, 'veteran': False, 'inactive': False, 'freshBlood': False, 'hotStreak': False}",WNpEPC2TqHZB5pnMH1udYu9XEPSJ_2qubBm923DAuRnI6TyRnPtkVv43OA
CHALLENGER,844f523b-88a5-3999-ac6e-4fefe349874c,RANKED_TFT,Vayne's Ritualists,"{'summonerId': '0TqPTQyvozbaZJI66cM7mPzoKybcgJLoCGC0H2CgKspSp3HHdgZ25_jykQ', 'leaguePoints': 703, 'rank': 'I', 'wins': 146, 'losses': 113, 'veteran': False, 'inactive': False, 'freshBlood': True, 'hotStreak': True}",0TqPTQyvozbaZJI66cM7mPzoKybcgJLoCGC0H2CgKspSp3HHdgZ25_jykQ
CHALLENGER,844f523b-88a5-3999-ac6e-4fefe349874c,RANKED_TFT,Vayne's Ritualists,"{'summonerId': 'H4b7Mc6Wb41m4QHw4iKabltmv2OqNtcdl-R9Up5nrATelw', 'leaguePoints': 702, 'rank': 'I', 'wins': 150, 'losses': 109, 'veteran': False, 'inactive': False, 'freshBlood': True, 'hotStreak': False}",H4b7Mc6Wb41m4QHw4iKabltmv2OqNtcdl-R9Up5nrATelw
CHALLENGER,844f523b-88a5-3999-ac6e-4fefe349874c,RANKED_TFT,Vayne's Ritualists,"{'summonerId': '08WkApmUsw01aZHRqzGA38fK_Yt3lnft-W1ei-KsuWGZJd48dUmCnjVcIQ', 'leaguePoints': 701, 'rank': 'I', 'wins': 163, 'losses': 139, 'veteran': False, 'inactive': False, 'freshBlood': True, 'hotStreak': False}",08WkApmUsw01aZHRqzGA38fK_Yt3lnft-W1ei-KsuWGZJd48dUmCnjVcIQ
CHALLENGER,844f523b-88a5-3999-ac6e-4fefe349874c,RANKED_TFT,Vayne's Ritualists,"{'summonerId': 'qaskRY3NdhP0y6A58znFopBZ3AVt5kGqv0u5k_Y3rUX65ECzoWESYuk0ug', 'leaguePoints': 696, 'rank': 'I', 'wins': 113, 'losses': 96, 'veteran': False, 'inactive': False, 'freshBlood': True, 'hotStreak': False}",qaskRY3NdhP0y6A58znFopBZ3AVt5kGqv0u5k_Y3rUX65ECzoWESYuk0ug
CHALLENGER,844f523b-88a5-3999-ac6e-4fefe349874c,RANKED_TFT,Vayne's Ritualists,"{'summonerId': 'wSSXB8IiYuv_GdDFBng2ZAWczVzscSoCKh3nomerVSJK6cs', 'leaguePoints': 671, 'rank': 'I', 'wins': 131, 'losses': 99, 'veteran': False, 'inactive': False, 'freshBlood': True, 'hotStreak': False}",wSSXB8IiYuv_GdDFBng2ZAWczVzscSoCKh3nomerVSJK6cs
CHALLENGER,844f523b-88a5-3999-ac6e-4fefe349874c,RANKED_TFT,Vayne's Ritualists,"{'summonerId': 'ILq-LAJS-IuXd2GbshabEZpuuMsnzzJqs4rc-E-aopa1p3OtHwlJaCXPtA', 'leaguePoints': 663, 'rank': 'I', 'wins': 156, 'losses': 131, 'veteran': False, 'inactive': False, 'freshBlood': True, 'hotStreak': True}",ILq-LAJS-IuXd2GbshabEZpuuMsnzzJqs4rc-E-aopa1p3OtHwlJaCXPtA
CHALLENGER,844f523b-88a5-3999-ac6e-4fefe349874c,RANKED_TFT,Vayne's Ritualists,"{'summonerId': 'eZlq1QRATXPulzthLd6U1sBKupNawm8-RBk98wzMJeZ7MyJTATuaFexT7Q', 'leaguePoints': 657, 'rank': 'I', 'wins': 208, 'losses': 165, 'veteran': False, 'inactive': False, 'freshBlood': True, 'hotStreak': False}",eZlq1QRATXPulzthLd6U1sBKupNawm8-RBk98wzMJeZ7MyJTATuaFexT7Q
CHALLENGER,844f523b-88a5-3999-ac6e-4fefe349874c,RANKED_TFT,Vayne's Ritualists,"{'summonerId': 'bW-1gN9OWv-THcQZPk5meKtabUdSPWetngn3dqS5Vd1k2b1zBoWWmwFwPw', 'leaguePoints': 657, 'rank': 'I', 'wins': 102, 'losses': 55, 'veteran': False, 'inactive': False, 'freshBlood': True, 'hotStreak': False}",bW-1gN9OWv-THcQZPk5meKtabUdSPWetngn3dqS5Vd1k2b1zBoWWmwFwPw
CHALLENGER,844f523b-88a5-3999-ac6e-4fefe349874c,RANKED_TFT,Vayne's Ritualists,"{'summonerId': 'Xp1_gzJV1VkWqw8N_F0l8jBQdIt-u-dqYksvLbxmpQFsNv8', 'leaguePoints': 655, 'rank': 'I', 'wins': 164, 'losses': 108, 'veteran': False, 'inactive': False, 'freshBlood': True, 'hotStreak': True}",Xp1_gzJV1VkWqw8N_F0l8jBQdIt-u-dqYksvLbxmpQFsNv8
CHALLENGER,844f523b-88a5-3999-ac6e-4fefe349874c,RANKED_TFT,Vayne's Ritualists,"{'summonerId': '_g5PidQ7-3jgzxmA6FDXKzM8UujxUmx4wfax-rICJoex9XA', 'leaguePoints': 655, 'rank': 'I', 'wins': 143, 'losses': 99, 'veteran': False, 'inactive': False, 'freshBlood': True, 'hotStreak': False}",_g5PidQ7-3jgzxmA6FDXKzM8UujxUmx4wfax-rICJoex9XA
CHALLENGER,844f523b-88a5-3999-ac6e-4fefe349874c,RANKED_TFT,Vayne's Ritualists,"{'summonerId': 'qYhi2os8RRBH_JD0pNS3aI_2llGZpCX5h3mrsWZjYMbo14_av6sirW3Umw', 'leaguePoints': 645, 'rank': 'I', 'wins': 131, 'losses': 91, 'veteran': False, 'inactive': False, 'freshBlood': True, 'hotStreak': False}",qYhi2os8RRBH_JD0pNS3aI_2llGZpCX5h3mrsWZjYMbo14_av6sirW3Umw
CHALLENGER,844f523b-88a5-3999-ac6e-4fefe349874c,RANKED_TFT,Vayne's Ritualists,"{'summonerId': 'EB6DYSOVtz805bexXo0Ct-MlNcf8R1JNx4mDu4yeAiM8NX0', 'leaguePoints': 641, 'rank': 'I', 'wins': 132, 'losses': 94, 'veteran': False, 'inactive': False, 'freshBlood': False, 'hotStreak': False}",EB6DYSOVtz805bexXo0Ct-MlNcf8R1JNx4mDu4yeAiM8NX0
CHALLENGER,844f523b-88a5-3999-ac6e-4fefe349874c,RANKED_TFT,Vayne's Ritualists,"{'summonerId': 'PRUYPxMPljp-5b4zZVJh96rnjFaNjjmd244rn88YsxtuH3M', 'leaguePoints': 634, 'rank': 'I', 'wins': 134, 'losses': 97, 'veteran': False, 'inactive': False, 'freshBlood': True, 'hotStreak': False}",PRUYPxMPljp-5b4zZVJh96rnjFaNjjmd244rn88YsxtuH3M
CHALLENGER,844f523b-88a5-3999-ac6e-4fefe349874c,RANKED_TFT,Vayne's Ritualists,"{'summonerId': 'QCw4s25Y5wGmunGmm8CU8AjKELTjAxXz7xFjELiuMjQUsA', 'leaguePoints': 627, 'rank': 'I', 'wins': 147, 'losses': 107, 'veteran': False, 'inactive': False, 'freshBlood': True, 'hotStreak': False}",QCw4s25Y5wGmunGmm8CU8AjKELTjAxXz7xFjELiuMjQUsA
CHALLENGER,844f523b-88a5-3999-ac6e-4fefe349874c,RANKED_TFT,Vayne's Ritualists,"{'summonerId': 'T1fEZBlx5OFIkir3xGVdsUEo9On6kNE-XAPaYA5_cHrpHD8', 'leaguePoints': 626, 'rank': 'I', 'wins': 108, 'losses': 74, 'veteran': False, 'inactive': False, 'freshBlood': True, 'hotStreak': False}",T1fEZBlx5OFIkir3xGVdsUEo9On6kNE-XAPaYA5_cHrpHD8
CHALLENGER,844f523b-88a5-3999-ac6e-4fefe349874c,RANKED_TFT,Vayne's Ritualists,"{'summonerId': '02w4Pq9h36r51ae7GOQpYeipEuKw3D3RX88lqGqN8X-hp_4', 'leaguePoints': 623, 'rank': 'I', 'wins': 106, 'losses': 54, 'veteran': False, 'inactive': False, 'freshBlood': True, 'hotStreak': True}",02w4Pq9h36r51ae7GOQpYeipEuKw3D3RX88lqGqN8X-hp_4
CHALLENGER,844f523b-88a5-3999-ac6e-4fefe349874c,RANKED_TFT,Vayne's Ritualists,"{'summonerId': 'bZAv1jlwEckQ7wxWVo0a12SghYxBDmdVI5u_4hHIRpIVEUhRzOKR6Fkp-w', 'leaguePoints': 621, 'rank': 'I', 'wins': 134, 'losses': 98, 'veteran': False, 'inactive': False, 'freshBlood': True, 'hotStreak': False}",bZAv1jlwEckQ7wxWVo0a12SghYxBDmdVI5u_4hHIRpIVEUhRzOKR6Fkp-w
CHALLENGER,844f523b-88a5-3999-ac6e-4fefe349874c,RANKED_TFT,Vayne's Ritualists,"{'summonerId': 'rvvvRnfTv7sfuwSBbWYBysQx8teL4TMAcSXRbHkPSBkOqufzkjBy268gwQ', 'leaguePoints': 620, 'rank': 'I', 'wins': 132, 'losses': 114, 'veteran': False, 'inactive': False, 'freshBlood': True, 'hotStreak': False}",rvvvRnfTv7sfuwSBbWYBysQx8teL4TMAcSXRbHkPSBkOqufzkjBy268gwQ
CHALLENGER,844f523b-88a5-3999-ac6e-4fefe349874c,RANKED_TFT,Vayne's Ritualists,"{'summonerId': 'ODo_ovQG1URLtrnrRGu3-QnEYn00YJvenWDbYGWcxqrTLZFCBmEHha1iLg', 'leaguePoints': 620, 'rank': 'I', 'wins': 112, 'losses': 54, 'veteran': False, 'inactive': False, 'freshBlood': True, 'hotStreak': False}",ODo_ovQG1URLtrnrRGu3-QnEYn00YJvenWDbYGWcxqrTLZFCBmEHha1iLg
CHALLENGER,844f523b-88a5-3999-ac6e-4fefe349874c,RANKED_TFT,Vayne's Ritualists,"{'summonerId': '-VzX5TEZHd085umUhNt2zxLcQ2YigvMv_byYRAoR3Nw70g', 'leaguePoints': 612, 'rank': 'I', 'wins': 179, 'losses': 118, 'veteran': False, 'inactive': False, 'freshBlood': True, 'hotStreak': True}",-VzX5TEZHd085umUhNt2zxLcQ2YigvMv_byYRAoR3Nw70g
CHALLENGER,844f523b-88a5-3999-ac6e-4fefe349874c,RANKED_TFT,Vayne's Ritualists,"{'summonerId': 'RonRPimZt5xSghFpZ_f478oUsuLIzcFmWuDae_5ryk6LUoA', 'leaguePoints': 611, 'rank': 'I', 'wins': 185, 'losses': 137, 'veteran': False, 'inactive': False, 'freshBlood': True, 'hotStreak': False}",RonRPimZt5xSghFpZ_f478oUsuLIzcFmWuDae_5ryk6LUoA
CHALLENGER,844f523b-88a5-3999-ac6e-4fefe349874c,RANKED_TFT,Vayne's Ritualists,"{'summonerId': 'Xt8CtuvJL424eM77uTyNKJV279nqjByVqRbWVW5REJxey68', 'leaguePoints': 611, 'rank': 'I', 'wins': 111, 'losses': 73, 'veteran': False, 'inactive': False, 'freshBlood': True, 'hotStreak': False}",Xt8CtuvJL424eM77uTyNKJV279nqjByVqRbWVW5REJxey68
CHALLENGER,844f523b-88a5-3999-ac6e-4fefe349874c,RANKED_TFT,Vayne's Ritualists,"{'summonerId': '3qhgKqdwII3YcBrgPO4rkgylxRTKhrXe3AzJiWudZyKDYUIRCWPm8wzqNQ', 'leaguePoints': 607, 'rank': 'I', 'wins': 136, 'losses': 99, 'veteran': False, 'inactive': False, 'freshBlood': True, 'hotStreak': False}",3qhgKqdwII3YcBrgPO4rkgylxRTKhrXe3AzJiWudZyKDYUIRCWPm8wzqNQ
CHALLENGER,844f523b-88a5-3999-ac6e-4fefe349874c,RANKED_TFT,Vayne's Ritualists,"{'summonerId': '8AWu4BejjjnSlUIi1VknsP_hyUeUQIFZl6zqA8qr02Oy2To', 'leaguePoints': 604, 'rank': 'I', 'wins': 142, 'losses': 109, 'veteran': False, 'inactive': False, 'freshBlood': True, 'hotStreak': False}",8AWu4BejjjnSlUIi1VknsP_hyUeUQIFZl6zqA8qr02Oy2To
CHALLENGER,844f523b-88a5-3999-ac6e-4fefe349874c,RANKED_TFT,Vayne's Ritualists,"{'summonerId': 'uvInbAqtTHbFBizBFhzeR_sB_Ufo17DUe2uTTavAAXu-X-0', 'leaguePoints': 603, 'rank': 'I', 'wins': 108, 'losses': 72, 'veteran': False, 'inactive': False, 'freshBlood': True, 'hotStreak': True}",uvInbAqtTHbFBizBFhzeR_sB_Ufo17DUe2uTTavAAXu-X-0
CHALLENGER,844f523b-88a5-3999-ac6e-4fefe349874c,RANKED_TFT,Vayne's Ritualists,"{'summonerId': 'KRiinsEk6JIcCdrxxb68Ju9WJli312yBy3mRfb-P2c-nq5qaApmDlYMnKA', 'leaguePoints': 599, 'rank': 'I', 'wins': 147, 'losses': 110, 'veteran': False, 'inactive': False, 'freshBlood': True, 'hotStreak': False}",KRiinsEk6JIcCdrxxb68Ju9WJli312yBy3mRfb-P2c-nq5qaApmDlYMnKA
CHALLENGER,844f523b-88a5-3999-ac6e-4fefe349874c,RANKED_TFT,Vayne's Ritualists,"{'summonerId': 'H4NDo9qPKXRU6vzJqXFmr_5HJAtZkYQWFrBhpv9Y_3Jr5g', 'leaguePoints': 590, 'rank': 'I', 'wins': 215, 'losses': 190, 'veteran': False, 'inactive': False, 'freshBlood': True, 'hotStreak': False}",H4NDo9qPKXRU6vzJqXFmr_5HJAtZkYQWFrBhpv9Y_3Jr5g
CHALLENGER,844f523b-88a5-3999-ac6e-4fefe349874c,RANKED_TFT,Vayne's Ritualists,"{'summonerId': 'G-T0LpDGg2Zzvm8ZQ2IRbJHXIRbrbaW99t9qkL1Dqov7Gw', 'leaguePoints': 590, 'rank': 'I', 'wins': 149, 'losses': 92, 'veteran': False, 'inactive': False, 'freshBlood': True, 'hotStreak': False}",G-T0LpDGg2Zzvm8ZQ2IRbJHXIRbrbaW99t9qkL1Dqov7Gw
CHALLENGER,844f523b-88a5-3999-ac6e-4fefe349874c,RANKED_TFT,Vayne's Ritualists,"{'summonerId': 'dNEgYTgMTqY7eANwFnZ1vjJTrKQ-Nu42-0b9Sph51WZA4w', 'leaguePoints': 590, 'rank': 'I', 'wins': 140, 'losses': 117, 'veteran': False, 'inactive': False, 'freshBlood': True, 'hotStreak': False}",dNEgYTgMTqY7eANwFnZ1vjJTrKQ-Nu42-0b9Sph51WZA4w
CHALLENGER,844f523b-88a5-3999-ac6e-4fefe349874c,RANKED_TFT,Vayne's Ritualists,"{'summonerId': '7o44lCrUzOYNyek5H7VIbPesiytGmLZli2eGk2EttOY5wgvVWdH42o5fiA', 'leaguePoints': 583, 'rank': 'I', 'wins': 129, 'losses': 100, 'veteran': False, 'inactive': False, 'freshBlood': True, 'hotStreak': False}",7o44lCrUzOYNyek5H7VIbPesiytGmLZli2eGk2EttOY5wgvVWdH42o5fiA
CHALLENGER,844f523b-88a5-3999-ac6e-4fefe349874c,RANKED_TFT,Vayne's Ritualists,"{'summonerId': 'y8--nIXXTstFS_gO256YpxzI0SIZc9rnneBqPzFjHlU6AQ', 'leaguePoints': 580, 'rank': 'I', 'wins': 215, 'losses': 181, 'veteran': False, 'inactive': False, 'freshBlood': True, 'hotStreak': False}",y8--nIXXTstFS_gO256YpxzI0SIZc9rnneBqPzFjHlU6AQ
CHALLENGER,844f523b-88a5-3999-ac6e-4fefe349874c,RANKED_TFT,Vayne's Ritualists,"{'summonerId': 'DpMr_S4dzAlGkcBKzhLaTRP6x3tHPoJeUjVszqXahcLJWQ', 'leaguePoints': 579, 'rank': 'I', 'wins': 162, 'losses': 129, 'veteran': False, 'inactive': False, 'freshBlood': True, 'hotStreak': True}",DpMr_S4dzAlGkcBKzhLaTRP6x3tHPoJeUjVszqXahcLJWQ
CHALLENGER,844f523b-88a5-3999-ac6e-4fefe349874c,RANKED_TFT,Vayne's Ritualists,"{'summonerId': 'plsCcxLrOUUPvJCMADOwTt7ZmSjnVtAXAiXobuxO_foz5dhk69CS0X--AQ', 'leaguePoints': 577, 'rank': 'I', 'wins': 87, 'losses': 58, 'veteran': False, 'inactive': False, 'freshBlood': True, 'hotStreak': False}",plsCcxLrOUUPvJCMADOwTt7ZmSjnVtAXAiXobuxO_foz5dhk69CS0X--AQ
CHALLENGER,844f523b-88a5-3999-ac6e-4fefe349874c,RANKED_TFT,Vayne's Ritualists,"{'summonerId': 'jxfIFdhQq7-4zqn73Svx_QwhpVRp8PMeRLP_9VyRfUST3xOFEBLMo1aOFQ', 'leaguePoints': 569, 'rank': 'I', 'wins': 125, 'losses': 94, 'veteran': False, 'inactive': False, 'freshBlood': True, 'hotStreak': False}",jxfIFdhQq7-4zqn73Svx_QwhpVRp8PMeRLP_9VyRfUST3xOFEBLMo1aOFQ
CHALLENGER,844f523b-88a5-3999-ac6e-4fefe349874c,RANKED_TFT,Vayne's Ritualists,"{'summonerId': '4SoYBFhbO8rNK3lfK-vHbZugeLlAe2ulMc26a7Y1TU3T2VM', 'leaguePoints': 565, 'rank': 'I', 'wins': 141, 'losses': 103, 'veteran': False, 'inactive': False, 'freshBlood': True, 'hotStreak': True}",4SoYBFhbO8rNK3lfK-vHbZugeLlAe2ulMc26a7Y1TU3T2VM
CHALLENGER,844f523b-88a5-3999-ac6e-4fefe349874c,RANKED_TFT,Vayne's Ritualists,"{'summonerId': '2txDpLaZCa8VZuY1nc-bsDK7LLBsH2rZz__0KYuuyPlgQ0g', 'leaguePoints': 565, 'rank': 'I', 'wins': 92, 'losses': 58, 'veteran': False, 'inactive': False, 'freshBlood': True, 'hotStreak': False}",2txDpLaZCa8VZuY1nc-bsDK7LLBsH2rZz__0KYuuyPlgQ0g
CHALLENGER,844f523b-88a5-3999-ac6e-4fefe349874c,RANKED_TFT,Vayne's Ritualists,"{'summonerId': 'O6VdWhVFf76ZOMEixgFXkILFz4xvfXVHaCMTVWu1O62LfTGQI1Zxt3ptrw', 'leaguePoints': 564, 'rank': 'I', 'wins': 104, 'losses': 56, 'veteran': False, 'inactive': False, 'freshBlood': True, 'hotStreak': True}",O6VdWhVFf76ZOMEixgFXkILFz4xvfXVHaCMTVWu1O62LfTGQI1Zxt3ptrw
CHALLENGER,844f523b-88a5-3999-ac6e-4fefe349874c,RANKED_TFT,Vayne's Ritualists,"{'summonerId': 'mN6YV_2Sm7Hks5z-5ZqDcdgYCmuedqypXRaNVYYgPKi6zHg', 'leaguePoints': 564, 'rank': 'I', 'wins': 73, 'losses': 31, 'veteran': False, 'inactive': False, 'freshBlood': True, 'hotStreak': True}",mN6YV_2Sm7Hks5z-5ZqDcdgYCmuedqypXRaNVYYgPKi6zHg
CHALLENGER,844f523b-88a5-3999-ac6e-4fefe349874c,RANKED_TFT,Vayne's Ritualists,"{'summonerId': '4ad6S4h-5O5zKgNO1nrRY0tCeHC_S0dikwcb4nX7bGlQ3fTH2HE6BhMK-Q', 'leaguePoints': 563, 'rank': 'I', 'wins': 111, 'losses': 78, 'veteran': False, 'inactive': False, 'freshBlood': True, 'hotStreak': False}",4ad6S4h-5O5zKgNO1nrRY0tCeHC_S0dikwcb4nX7bGlQ3fTH2HE6BhMK-Q
CHALLENGER,844f523b-88a5-3999-ac6e-4fefe349874c,RANKED_TFT,Vayne's Ritualists,"{'summonerId': 'RXmq3s3cgm-ylfIw8FE7uAdksyLME8uAv2hT212w52m8OVY867BNyBpQHg', 'leaguePoints': 562, 'rank': 'I', 'wins': 117, 'losses': 90, 'veteran': False, 'inactive': False, 'freshBlood': True, 'hotStreak': False}",RXmq3s3cgm-ylfIw8FE7uAdksyLME8uAv2hT212w52m8OVY867BNyBpQHg
CHALLENGER,844f523b-88a5-3999-ac6e-4fefe349874c,RANKED_TFT,Vayne's Ritualists,"{'summonerId': 'eiDvqtafJc3UdH1_yAd_87hzQMtbD3SqhOVzbyMZUJED5uU', 'leaguePoints': 562, 'rank': 'I', 'wins': 111, 'losses': 80, 'veteran': False, 'inactive': False, 'freshBlood': True, 'hotStreak': False}",eiDvqtafJc3UdH1_yAd_87hzQMtbD3SqhOVzbyMZUJED5uU
CHALLENGER,844f523b-88a5-3999-ac6e-4fefe349874c,RANKED_TFT,Vayne's Ritualists,"{'summonerId': 'mpnibGqFE-sdcwmPdJ0TM93RBAKL--4e0tQGIKhrRMPCflw', 'leaguePoints': 552, 'rank': 'I', 'wins': 144, 'losses': 120, 'veteran': False, 'inactive': False, 'freshBlood': True, 'hotStreak': True}",mpnibGqFE-sdcwmPdJ0TM93RBAKL--4e0tQGIKhrRMPCflw
CHALLENGER,844f523b-88a5-3999-ac6e-4fefe349874c,RANKED_TFT,Vayne's Ritualists,"{'summonerId': 'wwkN4vgeN2TdhWHKCyl3ymIBKKytRjpox_d5bM_0uQfYaZiJMFACRYIqMA', 'leaguePoints': 545, 'rank': 'I', 'wins': 115, 'losses': 84, 'veteran': False, 'inactive': False, 'freshBlood': True, 'hotStreak': False}",wwkN4vgeN2TdhWHKCyl3ymIBKKytRjpox_d5bM_0uQfYaZiJMFACRYIqMA
CHALLENGER,844f523b-88a5-3999-ac6e-4fefe349874c,RANKED_TFT,Vayne's Ritualists,"{'summonerId': 'lQUN2sLoNIBPBdmJPfyQcysDor1bAI6WY4Iv_Fy-c50sUIQ', 'leaguePoints': 544, 'rank': 'I', 'wins': 163, 'losses': 105, 'veteran': False, 'inactive': False, 'freshBlood': True, 'hotStreak': False}",lQUN2sLoNIBPBdmJPfyQcysDor1bAI6WY4Iv_Fy-c50sUIQ
CHALLENGER,844f523b-88a5-3999-ac6e-4fefe349874c,RANKED_TFT,Vayne's Ritualists,"{'summonerId': 't6na2l2T-6DkL8jI0Cpd4LsWLee6BLRGGno6cHzO26D06g', 'leaguePoints': 544, 'rank': 'I', 'wins': 123, 'losses': 97, 'veteran': False, 'inactive': False, 'freshBlood': True, 'hotStreak': False}",t6na2l2T-6DkL8jI0Cpd4LsWLee6BLRGGno6cHzO26D06g
CHALLENGER,844f523b-88a5-3999-ac6e-4fefe349874c,RANKED_TFT,Vayne's Ritualists,"{'summonerId': 'h1KBUu8Y-jslk4hJyK6BMWinkkzvZbQdbLDtNIW_qwm_1ztLvPEN537PDw', 'leaguePoints': 543, 'rank': 'I', 'wins': 123, 'losses': 94, 'veteran': False, 'inactive': False, 'freshBlood': True, 'hotStreak': True}",h1KBUu8Y-jslk4hJyK6BMWinkkzvZbQdbLDtNIW_qwm_1ztLvPEN537PDw
CHALLENGER,844f523b-88a5-3999-ac6e-4fefe349874c,RANKED_TFT,Vayne's Ritualists,"{'summonerId': 'isIPv5B_9idXAOB-I_RuNDypOBinx9JaAaOs5yJnNovt4FzmIZnzrI5LGg', 'leaguePoints': 543, 'rank': 'I', 'wins': 87, 'losses': 50, 'veteran': False, 'inactive': False, 'freshBlood': True, 'hotStreak': False}",isIPv5B_9idXAOB-I_RuNDypOBinx9JaAaOs5yJnNovt4FzmIZnzrI5LGg
CHALLENGER,844f523b-88a5-3999-ac6e-4fefe349874c,RANKED_TFT,Vayne's Ritualists,"{'summonerId': 'VFXbYFDRRD4J4hIbjHJKCETV0nnFCyFL6z3Uw6ngCew1EXo', 'leaguePoints': 539, 'rank': 'I', 'wins': 121, 'losses': 95, 'veteran': False, 'inactive': False, 'freshBlood': True, 'hotStreak': True}",VFXbYFDRRD4J4hIbjHJKCETV0nnFCyFL6z3Uw6ngCew1EXo
CHALLENGER,844f523b-88a5-3999-ac6e-4fefe349874c,RANKED_TFT,Vayne's Ritualists,"{'summonerId': 'Xug8NTRNv2WKxM3RtVbjNafVQF-uiAOEoOdkH_9IdsfLGC0', 'leaguePoints': 536, 'rank': 'I', 'wins': 147, 'losses': 118, 'veteran': False, 'inactive': False, 'freshBlood': True, 'hotStreak': True}",Xug8NTRNv2WKxM3RtVbjNafVQF-uiAOEoOdkH_9IdsfLGC0
CHALLENGER,844f523b-88a5-3999-ac6e-4fefe349874c,RANKED_TFT,Vayne's Ritualists,"{'summonerId': 'KnwAKYJ7DBbusPBHJ3tT9NTMqpsyWr20WoRhoGyFWWa_5Ps', 'leaguePoints': 535, 'rank': 'I', 'wins': 129, 'losses': 105, 'veteran': False, 'inactive': False, 'freshBlood': True, 'hotStreak': True}",KnwAKYJ7DBbusPBHJ3tT9NTMqpsyWr20WoRhoGyFWWa_5Ps
CHALLENGER,844f523b-88a5-3999-ac6e-4fefe349874c,RANKED_TFT,Vayne's Ritualists,"{'summonerId': 'MObetNgTA1MfWIUCqQWSTZKKURFC6TVyJ4KR9AGtmn39u0E', 'leaguePoints': 534, 'rank': 'I', 'wins': 157, 'losses': 125, 'veteran': False, 'inactive': False, 'freshBlood': False, 'hotStreak': False}",MObetNgTA1MfWIUCqQWSTZKKURFC6TVyJ4KR9AGtmn39u0E
CHALLENGER,844f523b-88a5-3999-ac6e-4fefe349874c,RANKED_TFT,Vayne's Ritualists,"{'summonerId': 'eMhpNiWBZzKI1yBn9qCBJh3sErwUEnKQA6wpeu0UCd0VvcKEKLXvVBIgCw', 'leaguePoints': 533, 'rank': 'I', 'wins': 119, 'losses': 68, 'veteran': False, 'inactive': False, 'freshBlood': True, 'hotStreak': True}",eMhpNiWBZzKI1yBn9qCBJh3sErwUEnKQA6wpeu0UCd0VvcKEKLXvVBIgCw
CHALLENGER,844f523b-88a5-3999-ac6e-4fefe349874c,RANKED_TFT,Vayne's Ritualists,"{'summonerId': 'vBXHAjZchpMMZKQtY74l-FS-I2V8doz1pXWdAo6OxgylfrpEvGcDdRdG5w', 'leaguePoints': 532, 'rank': 'I', 'wins': 153, 'losses': 117, 'veteran': False, 'inactive': False, 'freshBlood': True, 'hotStreak': False}",vBXHAjZchpMMZKQtY74l-FS-I2V8doz1pXWdAo6OxgylfrpEvGcDdRdG5w
CHALLENGER,844f523b-88a5-3999-ac6e-4fefe349874c,RANKED_TFT,Vayne's Ritualists,"{'summonerId': '0e7KuzZxFGM7veovFjJX4YQZ-_y959SjDwmXgxCEz9Eg-A4', 'leaguePoints': 532, 'rank': 'I', 'wins': 118, 'losses': 88, 'veteran': False, 'inactive': False, 'freshBlood': True, 'hotStreak': False}",0e7KuzZxFGM7veovFjJX4YQZ-_y959SjDwmXgxCEz9Eg-A4
CHALLENGER,844f523b-88a5-3999-ac6e-4fefe349874c,RANKED_TFT,Vayne's Ritualists,"{'summonerId': 'kQ93x7Ok4Zw2rfh4ZL-doNHJmI_Zd5Oc7XAiEuAQkN7GU4M', 'leaguePoints': 530, 'rank': 'I', 'wins': 152, 'losses': 112, 'veteran': False, 'inactive': False, 'freshBlood': True, 'hotStreak': False}",kQ93x7Ok4Zw2rfh4ZL-doNHJmI_Zd5Oc7XAiEuAQkN7GU4M
CHALLENGER,844f523b-88a5-3999-ac6e-4fefe349874c,RANKED_TFT,Vayne's Ritualists,"{'summonerId': 'el9pbYk6SA8w1de8Eh-amp_n-ChUhlqp1E8CUTzC6A13_Dw', 'leaguePoints': 528, 'rank': 'I', 'wins': 157, 'losses': 123, 'veteran': False, 'inactive': False, 'freshBlood': True, 'hotStreak': False}",el9pbYk6SA8w1de8Eh-amp_n-ChUhlqp1E8CUTzC6A13_Dw
CHALLENGER,844f523b-88a5-3999-ac6e-4fefe349874c,RANKED_TFT,Vayne's Ritualists,"{'summonerId': '_XMOKg341bL3WIQGpmUbCF9EvdQpMhHxJ-bSBLVJC_GOLBoz6AcIvBXqkg', 'leaguePoints': 528, 'rank': 'I', 'wins': 97, 'losses': 70, 'veteran': False, 'inactive': False, 'freshBlood': True, 'hotStreak': False}",_XMOKg341bL3WIQGpmUbCF9EvdQpMhHxJ-bSBLVJC_GOLBoz6AcIvBXqkg
CHALLENGER,844f523b-88a5-3999-ac6e-4fefe349874c,RANKED_TFT,Vayne's Ritualists,"{'summonerId': 'R-nMwtmafWTelS2tsxH8yNFLAMOoJJGUqJMxYml83mrmGpU', 'leaguePoints': 527, 'rank': 'I', 'wins': 111, 'losses': 87, 'veteran': False, 'inactive': False, 'freshBlood': True, 'hotStreak': True}",R-nMwtmafWTelS2tsxH8yNFLAMOoJJGUqJMxYml83mrmGpU
CHALLENGER,844f523b-88a5-3999-ac6e-4fefe349874c,RANKED_TFT,Vayne's Ritualists,"{'summonerId': 'Q686PkmQSygSG2CgBZJrRYiHkp_PZDX73cz931Qa351cA9k', 'leaguePoints': 527, 'rank': 'I', 'wins': 82, 'losses': 43, 'veteran': False, 'inactive': False, 'freshBlood': True, 'hotStreak': True}",Q686PkmQSygSG2CgBZJrRYiHkp_PZDX73cz931Qa351cA9k
CHALLENGER,844f523b-88a5-3999-ac6e-4fefe349874c,RANKED_TFT,Vayne's Ritualists,"{'summonerId': 'BcsE8w_JnEq_zfWtZGOLABTjhKAWrpaO-k1OzcF5F70RtqdDShUHuBNFkg', 'leaguePoints': 523, 'rank': 'I', 'wins': 216, 'losses': 198, 'veteran': False, 'inactive': False, 'freshBlood': True, 'hotStreak': False}",BcsE8w_JnEq_zfWtZGOLABTjhKAWrpaO-k1OzcF5F70RtqdDShUHuBNFkg
CHALLENGER,844f523b-88a5-3999-ac6e-4fefe349874c,RANKED_TFT,Vayne's Ritualists,"{'summonerId': 'V1mtalXpw6yngDmHoy8uVHYcNhwbt8rdjc_5DuMvPhnI5bNm-Uh5aOIAUg', 'leaguePoints': 521, 'rank': 'I', 'wins': 70, 'losses': 42, 'veteran': False, 'inactive': False, 'freshBlood': True, 'hotStreak': False}",V1mtalXpw6yngDmHoy8uVHYcNhwbt8rdjc_5DuMvPhnI5bNm-Uh5aOIAUg
CHALLENGER,844f523b-88a5-3999-ac6e-4fefe349874c,RANKED_TFT,Vayne's Ritualists,"{'summonerId': '5c0zhP8EVHBBp_lQdMEMdQ_i5XuU6GBqMOPL7TRC5EVLdw', 'leaguePoints': 520, 'rank': 'I', 'wins': 129, 'losses': 101, 'veteran': False, 'inactive': False, 'freshBlood': True, 'hotStreak': True}",5c0zhP8EVHBBp_lQdMEMdQ_i5XuU6GBqMOPL7TRC5EVLdw
CHALLENGER,844f523b-88a5-3999-ac6e-4fefe349874c,RANKED_TFT,Vayne's Ritualists,"{'summonerId': 'GFX33syTxgJt9PVHStwzHJQNnppUF_eMpCN0X9Vm4X8m3ts', 'leaguePoints': 520, 'rank': 'I', 'wins': 128, 'losses': 86, 'veteran': False, 'inactive': False, 'freshBlood': True, 'hotStreak': True}",GFX33syTxgJt9PVHStwzHJQNnppUF_eMpCN0X9Vm4X8m3ts
CHALLENGER,844f523b-88a5-3999-ac6e-4fefe349874c,RANKED_TFT,Vayne's Ritualists,"{'summonerId': 'if5sDaSnm43rMmeTupU5UD3yp-B6YZBCdhsA8R82Qx8XbLM', 'leaguePoints': 519, 'rank': 'I', 'wins': 130, 'losses': 101, 'veteran': False, 'inactive': False, 'freshBlood': True, 'hotStreak': True}",if5sDaSnm43rMmeTupU5UD3yp-B6YZBCdhsA8R82Qx8XbLM
CHALLENGER,844f523b-88a5-3999-ac6e-4fefe349874c,RANKED_TFT,Vayne's Ritualists,"{'summonerId': 'Wm4jXe2PtnADKdcb98MPxgfcXZlo4Ep2ATHMjPXkcb9PzVDfKbOPrikoyQ', 'leaguePoints': 517, 'rank': 'I', 'wins': 75, 'losses': 39, 'veteran': False, 'inactive': False, 'freshBlood': True, 'hotStreak': False}",Wm4jXe2PtnADKdcb98MPxgfcXZlo4Ep2ATHMjPXkcb9PzVDfKbOPrikoyQ
CHALLENGER,844f523b-88a5-3999-ac6e-4fefe349874c,RANKED_TFT,Vayne's Ritualists,"{'summonerId': 'quEAMFikiXdo4VQcf1Pdh4TmWIf8gJhr1BJ1OQAc9kT4Ae0', 'leaguePoints': 516, 'rank': 'I', 'wins': 198, 'losses': 185, 'veteran': False, 'inactive': False, 'freshBlood': True, 'hotStreak': False}",quEAMFikiXdo4VQcf1Pdh4TmWIf8gJhr1BJ1OQAc9kT4Ae0
CHALLENGER,844f523b-88a5-3999-ac6e-4fefe349874c,RANKED_TFT,Vayne's Ritualists,"{'summonerId': 'ZZ1lJjYBwX5Rcx5-W56j11YaJe1SoZGMAbc71f42C3YY6mzVbePZQADImA', 'leaguePoints': 516, 'rank': 'I', 'wins': 125, 'losses': 93, 'veteran': False, 'inactive': False, 'freshBlood': True, 'hotStreak': True}",ZZ1lJjYBwX5Rcx5-W56j11YaJe1SoZGMAbc71f42C3YY6mzVbePZQADImA
CHALLENGER,844f523b-88a5-3999-ac6e-4fefe349874c,RANKED_TFT,Vayne's Ritualists,"{'summonerId': '0C3zw3upREcFqbYv8gdWcRKT_GrOyxkjylV0hKiS7UEBKh0', 'leaguePoints': 516, 'rank': 'I', 'wins': 109, 'losses': 71, 'veteran': False, 'inactive': False, 'freshBlood': True, 'hotStreak': True}",0C3zw3upREcFqbYv8gdWcRKT_GrOyxkjylV0hKiS7UEBKh0
CHALLENGER,844f523b-88a5-3999-ac6e-4fefe349874c,RANKED_TFT,Vayne's Ritualists,"{'summonerId': 'UPF7VuJlZ2zvRHep1zneU6OE26PdTdHpzv3fA4wgfiwVdLNlvhBDyW6rTw', 'leaguePoints': 515, 'rank': 'I', 'wins': 208, 'losses': 181, 'veteran': False, 'inactive': False, 'freshBlood': True, 'hotStreak': False}",UPF7VuJlZ2zvRHep1zneU6OE26PdTdHpzv3fA4wgfiwVdLNlvhBDyW6rTw
CHALLENGER,844f523b-88a5-3999-ac6e-4fefe349874c,RANKED_TFT,Vayne's Ritualists,"{'summonerId': 'P2mQsqa__CtOqNkLbSodsrY8s_tMiKPoLMJ4KbWGIPQ_Q0GcF4sM1suV6w', 'leaguePoints': 515, 'rank': 'I', 'wins': 123, 'losses': 74, 'veteran': False, 'inactive': False, 'freshBlood': True, 'hotStreak': True}",P2mQsqa__CtOqNkLbSodsrY8s_tMiKPoLMJ4KbWGIPQ_Q0GcF4sM1suV6w
CHALLENGER,844f523b-88a5-3999-ac6e-4fefe349874c,RANKED_TFT,Vayne's Ritualists,"{'summonerId': 'WIv4WISFAv21V2gNH9KwlIgR4UxzPcPdXAAu2CBqNVviqdY', 'leaguePoints': 514, 'rank': 'I', 'wins': 93, 'losses': 71, 'veteran': False, 'inactive': False, 'freshBlood': True, 'hotStreak': True}",WIv4WISFAv21V2gNH9KwlIgR4UxzPcPdXAAu2CBqNVviqdY
CHALLENGER,844f523b-88a5-3999-ac6e-4fefe349874c,RANKED_TFT,Vayne's Ritualists,"{'summonerId': 'TWjDoll143-fkwfEsbAtHpHZcf3CWWboLsdVp0smKoPCixYS', 'leaguePoints': 513, 'rank': 'I', 'wins': 98, 'losses': 64, 'veteran': False, 'inactive': False, 'freshBlood': True, 'hotStreak': True}",TWjDoll143-fkwfEsbAtHpHZcf3CWWboLsdVp0smKoPCixYS
CHALLENGER,844f523b-88a5-3999-ac6e-4fefe349874c,RANKED_TFT,Vayne's Ritualists,"{'summonerId': '2JsnS_FMUE__IFZi_Fn-56_s0h06F5K5jJZknVZpzHbf2d0', 'leaguePoints': 512, 'rank': 'I', 'wins': 98, 'losses': 64, 'veteran': False, 'inactive': False, 'freshBlood': True, 'hotStreak': True}",2JsnS_FMUE__IFZi_Fn-56_s0h06F5K5jJZknVZpzHbf2d0
CHALLENGER,844f523b-88a5-3999-ac6e-4fefe349874c,RANKED_TFT,Vayne's Ritualists,"{'summonerId': 'nThlCDWduzX2oO87TXmoLB1yd3XWA2NVicL4hGy3Lsf2AHsqr5aCt5CVYA', 'leaguePoints': 510, 'rank': 'I', 'wins': 82, 'losses': 55, 'veteran': False, 'inactive': False, 'freshBlood': True, 'hotStreak': True}",nThlCDWduzX2oO87TXmoLB1yd3XWA2NVicL4hGy3Lsf2AHsqr5aCt5CVYA
CHALLENGER,844f523b-88a5-3999-ac6e-4fefe349874c,RANKED_TFT,Vayne's Ritualists,"{'summonerId': 'NvalKMCdSl9S-PXLK8cobpspPtOhMMv5cNllNdNCrXkyKWh2IHd4BMVRYA', 'leaguePoints': 509, 'rank': 'I', 'wins': 142, 'losses': 99, 'veteran': False, 'inactive': False, 'freshBlood': True, 'hotStreak': True}",NvalKMCdSl9S-PXLK8cobpspPtOhMMv5cNllNdNCrXkyKWh2IHd4BMVRYA
CHALLENGER,844f523b-88a5-3999-ac6e-4fefe349874c,RANKED_TFT,Vayne's Ritualists,"{'summonerId': 'HMDq-elosybg0hzImrTR-GJnTTlN1H6NrUGI47kPlhd1VNyrw9qTPcrV4Q', 'leaguePoints': 509, 'rank': 'I', 'wins': 139, 'losses': 109, 'veteran': False, 'inactive': False, 'freshBlood': True, 'hotStreak': False}",HMDq-elosybg0hzImrTR-GJnTTlN1H6NrUGI47kPlhd1VNyrw9qTPcrV4Q
CHALLENGER,844f523b-88a5-3999-ac6e-4fefe349874c,RANKED_TFT,Vayne's Ritualists,"{'summonerId': 'q0c06doADabhLSsubgH6Enn_vH_yab_Yz09apbqfeqiNbOsvEx6CLwZuTQ', 'leaguePoints': 508, 'rank': 'I', 'wins': 167, 'losses': 123, 'veteran': False, 'inactive': False, 'freshBlood': True, 'hotStreak': False}",q0c06doADabhLSsubgH6Enn_vH_yab_Yz09apbqfeqiNbOsvEx6CLwZuTQ
CHALLENGER,844f523b-88a5-3999-ac6e-4fefe349874c,RANKED_TFT,Vayne's Ritualists,"{'summonerId': 'FzuMiJEHrc3HcOtwEz9V19qhYvwWkiyukZa2HipQrMZOkI0IbqO1wzVerg', 'leaguePoints': 506, 'rank': 'I', 'wins': 109, 'losses': 76, 'veteran': False, 'inactive': False, 'freshBlood': True, 'hotStreak': False}",FzuMiJEHrc3HcOtwEz9V19qhYvwWkiyukZa2HipQrMZOkI0IbqO1wzVerg
CHALLENGER,844f523b-88a5-3999-ac6e-4fefe349874c,RANKED_TFT,Vayne's Ritualists,"{'summonerId': 'aadhtQfEa7Uw6hZgnsDGp4-3nIytCnEv2lk9kKj3EUqiCHg', 'leaguePoints': 505, 'rank': 'I', 'wins': 196, 'losses': 173, 'veteran': False, 'inactive': False, 'freshBlood': True, 'hotStreak': False}",aadhtQfEa7Uw6hZgnsDGp4-3nIytCnEv2lk9kKj3EUqiCHg
CHALLENGER,844f523b-88a5-3999-ac6e-4fefe349874c,RANKED_TFT,Vayne's Ritualists,"{'summonerId': 'lO73n0STmzgV8gvq2Rl3us7tVPjOwO46sNKB4lmp1meAjRQ', 'leaguePoints': 505, 'rank': 'I', 'wins': 130, 'losses': 102, 'veteran': False, 'inactive': False, 'freshBlood': True, 'hotStreak': False}",lO73n0STmzgV8gvq2Rl3us7tVPjOwO46sNKB4lmp1meAjRQ
CHALLENGER,844f523b-88a5-3999-ac6e-4fefe349874c,RANKED_TFT,Vayne's Ritualists,"{'summonerId': 'C31hmMsR0xXYmUbTWCkhZzp-k6CKlqHvWJwPNzSzhLZcaNlAO9BonpuA3w', 'leaguePoints': 505, 'rank': 'I', 'wins': 121, 'losses': 94, 'veteran': False, 'inactive': False, 'freshBlood': True, 'hotStreak': False}",C31hmMsR0xXYmUbTWCkhZzp-k6CKlqHvWJwPNzSzhLZcaNlAO9BonpuA3w
CHALLENGER,844f523b-88a5-3999-ac6e-4fefe349874c,RANKED_TFT,Vayne's Ritualists,"{'summonerId': 'slBOYeYsYfbRBljG05slzTU4Drytrjmyj3XJH8wgQxeRx8g', 'leaguePoints': 503, 'rank': 'I', 'wins': 152, 'losses': 148, 'veteran': False, 'inactive': False, 'freshBlood': True, 'hotStreak': False}",slBOYeYsYfbRBljG05slzTU4Drytrjmyj3XJH8wgQxeRx8g
CHALLENGER,844f523b-88a5-3999-ac6e-4fefe349874c,RANKED_TFT,Vayne's Ritualists,"{'summonerId': 'NVeKG-Ap7Zp9lvxAmnmnaFDir0HjCEKsfzCf27b0rATCQfA', 'leaguePoints': 503, 'rank': 'I', 'wins': 118, 'losses': 90, 'veteran': False, 'inactive': False, 'freshBlood': True, 'hotStreak': False}",NVeKG-Ap7Zp9lvxAmnmnaFDir0HjCEKsfzCf27b0rATCQfA
CHALLENGER,844f523b-88a5-3999-ac6e-4fefe349874c,RANKED_TFT,Vayne's Ritualists,"{'summonerId': '4zHUZfXNZ_iYcQQTvViHwsoKJAvt4kQNLaCzp-Tl_C6xCUI', 'leaguePoints': 503, 'rank': 'I', 'wins': 102, 'losses': 71, 'veteran': False, 'inactive': False, 'freshBlood': True, 'hotStreak': True}",4zHUZfXNZ_iYcQQTvViHwsoKJAvt4kQNLaCzp-Tl_C6xCUI
CHALLENGER,844f523b-88a5-3999-ac6e-4fefe349874c,RANKED_TFT,Vayne's Ritualists,"{'summonerId': 'TAyuVzHCAEiFLG6onoJRpeNMdr1_nBur_37qkaxkDOUjgw', 'leaguePoints': 503, 'rank': 'I', 'wins': 90, 'losses': 56, 'veteran': False, 'inactive': False, 'freshBlood': True, 'hotStreak': False}",TAyuVzHCAEiFLG6onoJRpeNMdr1_nBur_37qkaxkDOUjgw
CHALLENGER,844f523b-88a5-3999-ac6e-4fefe349874c,RANKED_TFT,Vayne's Ritualists,"{'summonerId': '0nIooB94gmpXJbXvRvhx-3r3C4Gx5u5Tkf6P_fCoq93csHts', 'leaguePoints': 501, 'rank': 'I', 'wins': 131, 'losses': 86, 'veteran': False, 'inactive': False, 'freshBlood': True, 'hotStreak': False}",0nIooB94gmpXJbXvRvhx-3r3C4Gx5u5Tkf6P_fCoq93csHts
CHALLENGER,844f523b-88a5-3999-ac6e-4fefe349874c,RANKED_TFT,Vayne's Ritualists,"{'summonerId': '71oRxezMdByKmM6BTjPIbHPxKB54SmQesbPHagJyU3B85iE', 'leaguePoints': 501, 'rank': 'I', 'wins': 131, 'losses': 87, 'veteran': False, 'inactive': False, 'freshBlood': True, 'hotStreak': False}",71oRxezMdByKmM6BTjPIbHPxKB54SmQesbPHagJyU3B85iE
CHALLENGER,844f523b-88a5-3999-ac6e-4fefe349874c,RANKED_TFT,Vayne's Ritualists,"{'summonerId': 'Y_s9tzyMywVpUi5bU5XreHmllkUNdF0sBWpWayD9n5DE1LU', 'leaguePoints': 487, 'rank': 'I', 'wins': 154, 'losses': 110, 'veteran': False, 'inactive': False, 'freshBlood': True, 'hotStreak': False}",Y_s9tzyMywVpUi5bU5XreHmllkUNdF0sBWpWayD9n5DE1LU
